{"_wandb":{"runtime":889},"epoch":299,"d_loss":-15.115159844967627,"g_loss":0.038466003633314566,"_timestamp":1.736684140214435e+09,"_runtime":886.911099,"_step":299}