{"epoch":50,"d_loss":-0.4605591451113985,"g_loss":0.008034585833870695,"_timestamp":1.736692345639786e+09,"_runtime":2951.787304,"_step":50,"_wandb":{"runtime":2994}}