{"g_loss":8.208822158075147,"_wandb":{"runtime":951},"_timestamp":1.736427375814553e+09,"_runtime":950.226789874,"_step":611,"epoch":99,"d_loss":-14.096466901225428}