{"_step":199,"epoch":199,"d_loss":-16.160459759927566,"_wandb":{"runtime":10750},"g_loss":0.09263570077957646,"_timestamp":1.736673025332812e+09,"_runtime":554.233759}