{"_step":54,"epoch":54,"d_loss":-0.1862002000446396,"g_loss":0.009946636300680269,"_wandb":{"runtime":2495},"_timestamp":1.736761522575426e+09,"_runtime":2491.450171}