{"_step":0,"_wandb":{"runtime":6},"epoch":0,"d_loss":-22.07360754609108,"g_loss":20.60943536508468,"_timestamp":1.7366722609586759e+09,"_runtime":4.332953}